idea_id,title,subsite,section,topic,type,summary,source_paths,status,added_date,notes
HM-0001,"Claim and refusal contract, as specified",heavymap,Claims and refusals,,explainer,"Grades, refusal codes, join methods, and stamp fields as specified in the claim contract. The public scaffold still says the scale and stamp format are undefined.",docs/architecture/claim-refusal-contract.md; docs/architecture/vocab/pcdp.vocab.json; docs/architecture/vocab/README.md,written,2026-10-03,Agent draft. Owner approval required before the scaffold text is treated as replaced.
HM-0002,Licence triage across the dataset inventory,heavymap,Gathering / Licence triage,,summary,"licence_clearance tallies on the 82-row inventory, plus the MPAC, NPCA, Seaway, and OpenStreetMap rows. Observed, not cleared.",02-dataset-inventory-v4.xlsx; 02-dataset-inventory-v4-NOTES.md; heavymap-planning/12-authority-scale-and-meta-proposals.md; niagara-atlas/DATA-SOURCES.md; docs/architecture/adr/0002-joining-concepts-and-terminology.md,written,2026-10-03,The named csv was not in the clone. Counts are from the xlsx.
HM-0003,Public release controls: masking and local-first,heavymap,Publishing / Public release controls,,summary,"D-13 retain-and-mask, mechanism deferred. Owner fields feed no band. The public site stays unpublished until data is reconciled. Local-first pending functionality is recorded, not built.",niagara-atlas/TECHNOLOGY-DECISIONS.md; niagara-atlas/PUBLICATION-MODEL.md; docs/architecture/adr/0002-joining-concepts-and-terminology.md; AGENTS.md; AGENTS-MCS.md,written,2026-10-03,00-operating-model-and-architecture.md was not in the clone.
HM-0004,"Layer dispositions (ship, simplify, derive, tile, link)",heavymap,Packaging / Layer dispositions,,summary,"disposition_d5 tallies on 82 inventory rows, ship_status as repo state, and D-5's contour estimate.",02-dataset-inventory-v4.xlsx; niagara-atlas/TECHNOLOGY-DECISIONS.md; docs/architecture/vocab/pcdp.vocab.json,written,2026-10-03,2.5 MB and 1200:1 are D-5's stated estimate, not a new measurement.
HM-0005,Recon and source registry: what the ledger records,heavymap,Gathering / Recon and source registry,,summary,"Ledger status figures dated 2026-08-23, a 32-row jurisdiction roster, and the Welland Hub count against CKAN.",niagara-atlas/INGESTION-LEDGER.md; niagara-atlas/RECON-2026-08-22.md; niagara-atlas/BACKLOG.md; heavymap-planning/07-jurisdiction-roster-v1.md; heavymap-planning/07-jurisdiction-roster-v1.csv,written,2026-10-03,Held locally in the ledger's words. The cache is gitignored and was not listed here.
HM-0006,Identifier join vs address join,heavymap,Processing,,summary,"Scope only: compare an identifier join with a normalized-address join.",,idea,2026-10-03,Not researched in this pass.
HM-0007,Spine key and geometry grain,heavymap,Processing,,explainer,"Scope only: how a spine key relates to geometry grain.",,idea,2026-10-03,Not researched in this pass.
HM-0008,Context band ladder and display protocol,heavymap,Publishing,,explainer,"Scope only: the context-band ladder and what a display is allowed to show.",,idea,2026-10-03,Not researched in this pass.
HM-0009,Parcel layers on each side of the border,heavymap,Parcels and buildings,parcels-and-buildings,summary,"Scope only: parcel layers on the Ontario side and the New York side of the HeavyMap coverage.",,idea,2026-10-03,Not researched in this pass.
HM-0010,Zoning designation vs property class,heavymap,Zoning and land use,zoning-and-land-use,explainer,"Scope only: a zoning designation and a property class are different classifications.",,idea,2026-10-03,Not researched in this pass.
